{
  "urls": "axway-appc-se-check.sandbox.ampint.axwaytest.net,axway-appc-se-design.sandbox.ampint.axwaytest.net,axway-appc-se-live.sandbox.ampint.axwaytest.net",
  "domains": "cx52-c,cx52-d,cx52-l",
  "projects": [
    {
      "projectId": "0f6730ac-cefa-4df7-a2b1-2267dd6226c4",
      "projectName": "LB_Gateway",
      "projectVersion": "V5"
    },
    {
      "projectId": "97988a8c-ed95-40e5-9885-77bcdc212642",
      "projectName": "LB_APIFirst_StockQuoteFH",
      "projectVersion": "EMPTY"
    }
  ]
}